{
  "__version__": "1.0.0",
  "builder": {
    "taskOptionsMap": {},
    "__version__": "1.3.5"
  },
  "gizmos-infos": {
    "is2D": false,
    "is3DIcon": false,
    "iconSize": 2,
    "gridVisible": true,
    "gridColor": [
      166,
      166,
      166,
      255
    ],
    "isIconGizmo3D": false,
    "iconGizmoSize": 2,
    "isGridVisible": true
  },
  "": {
    "sculpt_brush_rotate": 0
  },
  "float-window": {
    "position": {
      "cc": {
        "Camera": {
          "dock": false,
          "top": null,
          "bottom": 10,
          "left": null,
          "right": 10
        }
      }
    }
  },
  "camera": {
    "fov": 45,
    "far": 10000,
    "near": 0.01,
    "color": [
      48,
      48,
      48,
      255
    ],
    "wheelSpeed": 0.01,
    "wanderSpeed": 10,
    "enableAcceleration": true,
    "far2D": 10000,
    "near2D": 1,
    "wheelSpeed2D": 6,
    "size": "__default_design__"
  },
  "camera-infos": {
    "f46876e4-e81b-4931-b493-6d367be385e7": {
      "position": {
        "x": 9.053005682104837,
        "y": 10.331005682105088,
        "z": 9.053005682104814
      },
      "rotation": {
        "x": -0.27984814233312133,
        "y": 0.3647051996310009,
        "z": 0.11591689595929512,
        "w": 0.8804762392171493
      },
      "viewCenter": {
        "x": 0,
        "y": 1.278,
        "z": 0
      }
    },
    "d97e8b9c-b22b-4e1f-89b7-2b657e77008c": {
      "position": {
        "x": 126.83412333036013,
        "y": 30.021092274988955,
        "z": 4.576699549553576
      },
      "rotation": {
        "x": -0.15475665697625604,
        "y": 0.8445056913392216,
        "z": 0.3812255606352242,
        "w": 0.3428229664645528
      },
      "viewCenter": {
        "x": 52.88372716335324,
        "y": -90.2792899614934,
        "z": 80.65102616608998
      }
    }
  },
  "camera-uuids": [
    "d97e8b9c-b22b-4e1f-89b7-2b657e77008c"
  ]
}
